first,second
Belgian Chocolate Mousse,"Any[""egg"", ""dark chocolate"", ""cream""]"
Belgian Buns,"Any[""margarine"", ""egg"", ""milk"", ""flour"", ""sugar"", ""yeast"", ""raisin""]"
Belgian Spice (Speculaas) Cookies,"Any[""brown sugar"", ""shortening"", ""butter"", ""cream"", ""clove"", ""nutmeg"", ""cinnamon"", ""flour"", ""baking soda"", ""pecan""]"
Belgian White Beer Cookies With Orange Icing,"Any[""beer"", ""honey"", ""butter"", ""sugar"", ""egg"", ""vanilla extract"", ""orange zest"", ""coriander"", ""purpose flour"", ""baking soda"", ""vanilla extract"", ""sugar"", ""orange juice"", ""milk"", ""orange zest""]"
Belgian Christmas Cookies,"Any[""butter"", ""almond extract"", ""dark brown sugar"", ""egg"", ""purpose flour"", ""baking powder"", ""salt"", ""almond"", ""cinnamon"", ""red sugar crystal"", ""green sugar crystal""]"
Tarte Aux Abricots - Glazed French Apricot Tart With Almonds,"Any[""butter"", ""plain flour"", ""lemon"", ""caster sugar"", ""egg"", ""cold water"", ""apricot"", ""brown sugar"", ""almond"", ""range egg"", ""caster sugar"", ""vanilla pod"", ""double cream"", ""apricot jam"", ""icing sugar"", ""edible flower"", ""creme fraiche""]"
Buche De Noel - Yule Log Cake,"Any[""egg"", ""sugar"", ""vanilla"", ""cake flour"", ""butter"", ""confectioner ' sugar"", ""half cream"", ""vanilla"", ""cocoa powder""]"
Brussels Cookies,"Any[""flour"", ""baking soda"", ""cream tartar"", ""butter"", ""sugar"", ""orange extract"", ""vanilla"", ""orange zest"", ""egg white"", ""almond"", ""cooking oat"", ""chocolate"", ""chocolate""]"
Pain D'amandes  - Brussels Almond Bread Cookies,"Any[""flour"", ""baking powder"", ""cinnamon"", ""salt"", ""almond"", ""brown sugar"", ""brown sugar"", ""brandy"", ""milk"", ""butter""]"
Black Bottom Caramel Pudding,"Any[""sugar"", ""sugar"", ""heavy cream"", ""milk"", ""cornstarch"", ""egg"", ""vanilla"", ""salt"", ""chocolate"", ""cream"", ""chocolate wafer cookie""]"
Tarte Au Fromage,"Any[""flour"", ""butter"", ""sugar"", ""vanilla sugar"", ""egg yolk"", ""yeast"", ""salt"", ""water"", ""applesauce"", ""white cheese"", ""egg yolk"", ""vanilla sugar"", ""sugar"", ""flour"", ""butter"", ""egg white""]"
Belgian Waffle Cookies,"Any[""butter"", ""sugar"", ""vanilla"", ""salt"", ""egg"", ""flour""]"
Belgian Cinnamon Cookies,"Any[""butter"", ""dark brown sugar"", ""water"", ""egg"", ""honey"", ""self raising flour"", ""salt"", ""cinnamon"", ""almond"", ""milk""]"
Speculoos (Belgian Spice Cookies),"Any[""purpose flour"", ""cinnamon"", ""ginger"", ""nutmeg"", ""allspice"", ""clove"", ""table salt"", ""baking soda"", ""baking powder"", ""butter"", ""white sugar"", ""brown sugar"", ""vanilla extract""]"
Belgian Brownies,"Any[""chocolate"", ""butter"", ""egg"", ""superfine sugar"", ""pastry flour""]"
Gaufres (Authentic Belgian Waffles),"Any[""egg"", ""sugar"", ""sugar"", ""purpose flour"", ""purpose flour"", ""butter"", ""butter""]"
Chocolate Raspberry Truffles With Fresh Raspberries,"Any[""raspberry"", ""chocolate"", ""heavy cream"", ""salt"", ""cocoa powder""]"
Decadent Pumpkin Pie Belgian Waffles,"Any[""butter"", ""pumpkin puree"", ""dark brown sugar"", ""sugar"", ""cinnamon"", ""ginger"", ""clove"", ""nutmeg"", ""salt"", ""purpose flour"", ""double acting baking powder"", ""baking soda"", ""milk"", ""cream"", ""egg"", ""dark rum"", ""vanilla extract"", ""vanilla ice cream"", ""maple syrup""]"
Classic French Tarte Au Citron - Fresh Lemon Tart,"Any[""shortcrust pastry"", ""lemon juice"", ""lemon zest"", ""creme fraiche"", ""caster sugar"", ""egg"", ""icing sugar""]"
Chocolate Cupcakes,"Any[""milk chocolate"", ""butter"", ""flour"", ""baking powder"", ""sugar"", ""egg"", ""cocoa powder"", ""walnut""]"
Dame Blanche,"Any[""chocolate"", ""cream"", ""vanilla ice cream"", ""cream""]"
Godiva Chocolate Fondue,"Any[""godiva dark chocolate bar"", ""heavy cream"", ""vanilla""]"
Dark Chocolate Pudding,"Any[""sugar"", ""cornstarch"", ""salt"", ""milk"", ""egg yolk"", ""dark chocolate candy bar"", ""vanilla extract"", ""cream"", ""chocolate""]"
Belgian Lukken waffle cookies,"Any[""egg"", ""butter"", ""flour"", ""brown sugar"", ""vanilla"", ""salt"", ""whiskey""]"
Belgian Chocolate Lace Wafers,"Any[""flour"", ""almond"", ""dark corn syrup"", ""brown sugar"", ""butter"", ""chocolate""]"
Gianduia (Gianduja) (Nutella) (Chocolate Hazelnut Spread),"Any[""dark chocolate"", ""icing sugar"", ""peanut oil nut"", ""hazelnut""]"
Tarte Au Sucre Brun,"Any[""pie crust"", ""egg"", ""cream"", ""brown sugar"", ""butter"", ""sugar""]"
Liege Waffle Recipe - Liège Gaufre Recette,"Any[""active yeast"", ""milk"", ""water"", ""water"", ""bread flour"", ""egg"", ""brown sugar"", ""brown sugar"", ""salt"", ""baking powder"", ""butter"", ""honey"", ""vanilla"", ""sugar""]"
Poached Pears in Kriek,"Any[""beer"", ""sugar"", ""cinnamon"", ""lemon"", ""pear""]"
Sweet and Savory Rosemary Belgian Waffles,"Any[""egg"", ""buttermilk"", ""milk"", ""cake flour"", ""baking powder"", ""kosher salt"", ""canola oil"", ""rosemary"", ""coconut sugar""]"
Liege Waffles (Belgian Pearl Sugar Waffles),"Any[""yeast"", ""water"", ""sugar"", ""salt"", ""flour"", ""egg"", ""butter"", ""sugar""]"
Belgian Rice Tart (Tarte Au Riz),"Any[""yeast"", ""flour"", ""milk"", ""sugar"", ""canola oil"", ""egg"", ""salt"", ""butter"", ""grain rice"", ""milk"", ""sugar"", ""egg"", ""vanilla extract""]"
Speculoos (A Flemish Spice Cookie),"Any[""purpose flour"", ""baking powder"", ""salt"", ""cinnamon"", ""ginger"", ""clove"", ""dark brown sugar"", ""butter"", ""egg"", ""flour""]"
Heavenly Chocolate Mousse,"Any[""egg"", ""sugar"", ""dark chocolate"", ""egg white"", ""cream""]"
Pom Koek (Belgian Coffee Cake),"Any[""flour"", ""sugar"", ""baking soda"", ""cinnamon"", ""clove"", ""salt"", ""honey"", ""coffee"", ""egg"", ""corn oil""]"
Godiva Strawberry White Chocolate Mint Frappé,"Any[""strawberry"", ""sugar"", ""lemon juice"", ""heavy cream"", ""milk"", ""white chocolate"", ""vanilla extract"", ""strawberry"", ""lemon juice"", ""confectioner ' sugar"", ""heavy cream"", ""mint leaf"", ""dark chocolate""]"
Belgian Plum Flan,"Any[""shortcrust pastry"", ""water"", ""caster sugar"", ""plum"", ""sugar"", ""egg yolk"", ""flour"", ""milk"", ""butter"", ""vanilla extract"", ""apricot jam"", ""lemon juice""]"
French Tart's Classic Madeleines: Madelines: Little Fluted Cakes,"Any[""egg"", ""vanilla extract"", ""lemon zest"", ""icing sugar"", ""plain flour"", ""baking powder"", ""butter"", ""icing sugar""]"
Glazed Rice Tart (Tarte De Riz),"Any[""almond"", ""grain rice"", ""milk"", ""sugar"", ""salt"", ""egg"", ""vanilla"", ""almond"", ""apricot jam"", ""kirsch liqueur"", ""whipping cream"", ""sugar""]"
Riz Au Lait,"Any[""pudding rice"", ""milk"", ""sugar"", ""vanilla extract"", ""butter""]"
Belgian Tuile Cookies,"Any[""butter"", ""sugar"", ""egg white"", ""vanilla"", ""salt"", ""purpose flour"", ""chocolate""]"
A Symphony of French Chocolate Truffles,"Any[""dark chocolate"", ""cream"", ""butter"", ""rum"", ""cocoa powder"", ""gingerroot"", ""almond"", ""dark chocolate"", ""peanut oil"", ""cocoa"", ""paper truffle"", ""parchment paper"", ""cocoa powder""]"
Jb's Classic Belgian Waffles (And Variations),"Any[""purpose flour"", ""sugar"", ""baking powder"", ""salt"", ""milk"", ""vegetable oil"", ""egg"", ""blueberry"", ""fruit syrup"", ""fruit sauce berry"", ""sugar"", ""yogurt""]"
Jam and Bread Pudding,"Any[""challah"", ""strawberry jam"", ""strawberry jam"", ""egg"", ""sugar"", ""half"", ""half"", ""vanilla"", ""butter"", ""sugar""]"
Speculoosbavarois,"Any[""milk"", ""cream"", ""vanilla sugar"", ""egg"", ""sugar"", ""sugar"", ""gelatin""]"
Our Favourite Belgian Waffles,"Any[""milk"", ""egg"", ""butter"", ""sugar"", ""flour"", ""salt""]"
"Oooh La La! French Savoury Ham, Cheese and Olive Cake","Any[""egg"", ""plain white flour"", ""baking powder"", ""olive oil"", ""butter"", ""white wine"", ""port wine"", ""green olive"", ""ham"", ""gruyere"", ""salt"", ""pepper""]"
Thermomix Belgian Lemon Teacake,"Any[""butter"", ""sugar"", ""self raising flour"", ""egg"", ""lemon juice"", ""sugar"", ""egg"", ""butter""]"
Flemish Sugar Tart,"Any[""milk"", ""active yeast"", ""purpose flour"", ""sugar"", ""cinnamon"", ""salt"", ""egg"", ""butter"", ""heavy cream"", ""egg"", ""vanilla extract"", ""dark brown sugar"", ""butter"", ""confectioner ' sugar"", ""currant"", ""cream""]"
Tarte Au Flan,"Any[""pie crust"", ""milk"", ""vanilla pod"", ""egg"", ""sugar"", ""cornstarch"", ""butter"", ""decorator sugar""]"
Mocha Cheesecake,"Any[""chocolate wafer"", ""sugar"", ""butter"", ""baking chocolate"", ""cream cheese"", ""egg"", ""sugar"", ""coffee"", ""salt"", ""baking chocolate"", ""sugar"", ""cream""]"
Quick and Easy French Cognac and Creme Fraiche Ice Cream,"Any[""creme fraiche"", ""icing sugar"", ""cognac""]"
Buttery Cupcakes,"Any[""flour"", ""butter"", ""sugar"", ""egg"", ""vanilla sugar"", ""baking powder""]"
Witbrood,"Any[""yeast"", ""water"", ""sugar"", ""flour"", ""salt"", ""milk"", ""sugar"", ""vegetable oil"", ""water""]"
Pears Poached in Spiced Red Wine,"Any[""pear"", ""red wine"", ""lemon"", ""clove"", ""sugar"", ""vanilla extract"", ""cinnamon"", ""lemon zest"", ""mint leaf""]"
Lemon Belgian Waffles With Berry Syrup,"Any[""cake flour"", ""salt"", ""baking powder"", ""nutmeg"", ""buttermilk"", ""lemon juice zest"", ""egg"", ""cream tartar"", ""water"", ""corn syrup"", ""sugar"", ""berry""]"
Melting Belgian Chocolate Cake,"Any[""cocoa"", ""chocolate"", ""butter"", ""egg"", ""egg yolk"", ""sugar"", ""dark beer"", ""purpose flour"", ""whipping cream"", ""superfine sugar"", ""vanilla""]"
Strawberry Belgian Waffles Recipe,"Any[""egg"", ""flour"", ""milk"", ""butter"", ""sugar"", ""baking powder"", ""cinnamon"", ""salt"", ""vanilla"", ""strawberry"", ""heavy whipping cream"", ""sugar""]"
Milky Carrots,"Any[""carrot"", ""onion"", ""butter"", ""milk"", ""pepper""]"
Croque Boum,"Any[""bread"", ""ham"", ""swiss cheese"", ""spaghetti sauce"", ""butter""]"
Crispy Potatoes and Leeks,"Any[""butter"", ""leek"", ""russet potato"", ""green onion"", ""salt"", ""black pepper"", ""thyme"", ""olive oil"", ""parsley""]"
Belgian Mayonnaise to Serve With Frites,"Any[""egg yolk"", ""dijon mustard"", ""lemon juice"", ""salt pepper"", ""cold water"", ""salad oil""]"
Chicory With Lemon Flemish Style,"Any[""chicory lettuce"", ""butter"", ""chicken stock"", ""brown sugar"", ""lemon"", ""white pepper""]"
Belgian Endive Appetizer,"Any[""belgian endive"", ""blue cheese"", ""walnut"", ""chutney""]"
Brussels Sprouts With Chestnuts,"Any[""brussels sprout"", ""oil"", ""chestnut"", ""salt"", ""pepper""]"
Rice With Mushrooms,"Any[""rice"", ""mushroom"", ""butter"", ""onion"", ""parsley"", ""white wine"", ""tomato puree"", ""chicken stock"", ""cheese""]"
1840s Liege Waffle,"Any[""flour"", ""yeast"", ""egg yolk"", ""water"", ""honey"", ""brown sugar"", ""vanilla"", ""flour"", ""wheat flour"", ""rye flour"", ""salt"", ""egg white"", ""baking soda"", ""vinegar"", ""butter"", ""sugar""]"
Roasted Bone Marrow With Caramelized White Turnip,"Any[""beef marrow"", ""leek"", ""carrot"", ""garlic clove"", ""bay leaf"", ""turnip"", ""sugar"", ""butter"", ""parsley"", ""sea salt""]"
Cucumber Soup (Warm),"Any[""english cucumber"", ""onion"", ""chicken stock cube"", ""milk"", ""salt pepper""]"
Belgian Stoemp Aux Carottes (Carrot Mashed Potatoes),"Any[""potato"", ""carrot"", ""bacon"", ""butter"", ""heavy cream"", ""salt"", ""pepper"", ""nutmeg""]"
Orange Blossom,"Any[""orange"", ""almond syrup"", ""gin"", ""pink grapefruit juice"", ""angostura bitter""]"
Braised Belgian Endive,"Any[""butter"", ""endive"", ""onion"", ""celery"", ""carrot"", ""thyme"", ""chicken stock"", ""butter""]"
Breakfast in Bread,"Any[""english muffin"", ""egg"", ""orange juice"", ""white wine vinegar"", ""sugar"", ""extra virgin olive oil"", ""dijon mustard"", ""salt"", ""black pepper"", ""cream"", ""mesclun"", ""walnut"", ""orange wedge""]"
The Classic French Bistro Sandwich - Croque Monsieur,"Any[""white bread"", ""butter"", ""ham"", ""gruyere cheese"", ""egg"", ""water"", ""salt"", ""black pepper""]"
Belgian Chicken Fricassee (Vol-Au-Vent),"Any[""chicken breast"", ""meat pork beef pepper"", ""mushroom"", ""ham"", ""chicken stock"", ""butter"", ""plain flour"", ""gouda cheese"", ""egg yolk"", ""lemon"", ""salt"", ""pepper""]"
Peanut Butter Cup,"Any[""frangelico liqueur"", ""buttershots butterscotch schnapps"", ""godiva chocolate liqueur"", ""milk""]"
Elegant Beef Blue,"Any[""beef tenderloin steak"", ""asparagus"", ""thyme"", ""salt"", ""pepper"", ""butter"", ""olive oil"", ""white wine"", ""beef consomme"", ""half"", ""blue cheese""]"
Healthy Pumpkin Belgian Waffles,"Any[""bisquick"", ""wheat pastry flour"", ""brown sugar"", ""pumpkin pie spice"", ""pumpkin puree"", ""milk"", ""applesauce"", ""vegetable oil"", ""egg beater substitute"", ""wheat germ"", ""flax seed"", ""walnut""]"
Red Tomato Chutney,"Any[""tomato"", ""red bell pepper"", ""red onion"", ""cranberry"", ""cider vinegar"", ""sugar"", ""brown sugar"", ""ginger"", ""salt"", ""mustard seed"", ""cinnamon"", ""cumin"", ""allspice"", ""red pepper""]"
Hashed Brussels Sprouts With Lemon Zest,"Any[""lemon juice"", ""lemon zest"", ""brussels sprout"", ""olive oil"", ""butter"", ""garlic clove"", ""black mustard seed"", ""white wine"", ""salt pepper""]"
Godiva Chocolate Sugar Cookies,"Any[""godiva dark chocolate bar"", ""purpose flour"", ""baking soda"", ""butter"", ""confectioner ' sugar"", ""egg"", ""vanilla extract"", ""sugar""]"
"Belgian Spaghetti, Student Style","Any[""olive oil"", ""onion"", ""red bell pepper"", ""white mushroom"", ""carrot"", ""garlic clove"", ""beef"", ""sugar"", ""oregano"", ""thyme"", ""basil"", ""red pepper flake"", ""parsley"", ""plum tomato"", ""red wine"", ""tomato paste"", ""salt pepper"", ""spaghetti"", ""tabasco sauce"", ""gruyere cheese""]"
Stella & Tanqueray Chillin & Sippin....,"Any[""beer""]"
Brussels Waffles,"Any[""sugar"", ""butter"", ""flour"", ""yeast"", ""milk"", ""egg yolk"", ""salt""]"
"Pan Fried Brussels Sprouts With Sriracha, Honey and Lime","Any[""brussels sprout"", ""sriracha sauce"", ""honey"", ""lime juice"", ""salt"", ""olive oil""]"
Stoemp (Belgium),"Any[""russet potato"", ""chicken broth"", ""salt"", ""leek"", ""nutmeg"", ""heavy cream"", ""butter"", ""black pepper""]"
Celery Root and Potato Purée,"Any[""celery root"", ""idaho potato"", ""milk"", ""salt"", ""salt"", ""butter"", ""heavy cream"", ""black pepper"", ""nutmeg""]"
Baked Oysters,"Any[""dozen oyster"", ""butter"", ""shallot"", ""parsley"", ""salt"", ""pepper"", ""breadcrumb""]"
Mushroomed Afternoon,"Any[""mushroom"", ""mushroom"", ""mushroom"", ""mushroom"", ""garlic clove"", ""oil"", ""parsley"", ""salt""]"
Brussels Sprouts in Vinaigrette,"Any[""brussels sprout"", ""dijon mustard"", ""herb"", ""wine vinegar"", ""sugar"", ""olive oil"", ""salt"", ""pepper""]"
Belgian Chocolate Bread Pudding,"Any[""challah egg bread"", ""egg"", ""milk"", ""sugar"", ""vanilla"", ""salt"", ""butter"", ""cocoa powder"", ""vanilla custard powder"", ""baking powder"", ""chocolate""]"
Belgian Waffles (Gluten Free),"Any[""tapioca flour"", ""sorghum flour"", ""millet flour"", ""brown rice flour"", ""xanthan gum"", ""salt"", ""baking powder"", ""brown sugar"", ""egg yolk"", ""olive oil"", ""rice milk"", ""egg white replacer"", ""maple syrup""]"
Buttermilk & Brown Butter Waffles,"Any[""butter"", ""purpose flour"", ""brown sugar"", ""baking powder"", ""kosher salt"", ""egg"", ""buttermilk"", ""vanilla extract"", ""butter"", ""maple syrup"", ""plain yogurt""]"
Aunt Jenny's Belgian Waffles,"Any[""bisquick"", ""butter"", ""egg"", ""club soda""]"
Waterzooi Van Vis - Flemmish Fish Stew,"Any[""olive oil"", ""onion"", ""garlic"", ""saffron"", ""white wine"", ""fish stock"", ""fish"", ""mussel"", ""prawn"", ""carrot"", ""leek"", ""tomato"", ""celeriac"", ""spring onion"", ""potato"", ""parsley"", ""tarragon"", ""chervil"", ""salt black pepper""]"
Petit Dejeuner,"Any[""milk"", ""egg"", ""lemon"", ""french bread"", ""breadcrumb"", ""tart apple"", ""water"", ""lemon juice"", ""sausage"", ""onion"", ""sugar"", ""cinnamon"", ""maple syrup""]"
Belgian Waffles,"Any[""flour"", ""baking soda"", ""baking powder"", ""sugar"", ""salt"", ""egg yolk"", ""buttermilk"", ""cream"", ""butter"", ""egg white""]"
Leeks With Bacon,"Any[""leek"", ""bacon"", ""breadcrumb"", ""egg"", ""butter"", ""poppy seed"", ""pepper"", ""salt""]"
Cold Egg and Leek Hors d'Oeuvre,"Any[""leek"", ""olive oil"", ""lemon"", ""egg"", ""mayonnaise"", ""french mustard"", ""caper""]"
Belgian Endive and Beetroot Salad,"Any[""belgian endive"", ""beet"", ""apple"", ""cream"", ""mustard"", ""salt pepper""]"
Belgian Endive and Apple Salad With Cranberry Vinaigrette,"Any[""olive oil"", ""cranberry juice concentrate"", ""white wine vinegar"", ""belgian endive"", ""apple"", ""cranberry"", ""green onion"", ""walnut""]"
Flemish Mussel Croquettes,"Any[""mussel"", ""white wine"", ""shallot"", ""parsley"", ""celery heart"", ""onion"", ""butter"", ""flour"", ""milk"", ""egg"", ""lemon"", ""salt"", ""pepper"", ""flour"", ""breadcrumb"", ""oil""]"
Amazing Belgian Waffles,"Any[""cake flour"", ""baking powder"", ""baking soda"", ""salt"", ""sugar"", ""milk"", ""buttermilk"", ""vanilla"", ""egg"", ""butter""]"
Sourdough Belgian Waffles,"Any[""sourdough starter"", ""water"", ""milk"", ""salt"", ""sugar"", ""butter"", ""egg"", ""flour"", ""vanilla extract""]"
Pumpkin-Pompoen Confituur,"Any[""pumpkin flesh"", ""orange"", ""lemon"", ""sugar""]"
"Cream of Tomato Soup, Belgian-Style","Any[""butter"", ""onion"", ""carrot"", ""tomato"", ""sugar"", ""cayenne pepper"", ""salt"", ""purpose flour"", ""beef broth"", ""heavy cream"", ""madeira wine"", ""black pepper"", ""butter"", ""tomato"", ""chive""]"
Belgian (Brussels) Waffles,"Any[""active yeast"", ""milk"", ""flour"", ""sugar"", ""salt"", ""butter"", ""milk"", ""vanilla extract"", ""egg""]"
Spicy  Mango Ginger  Chutney,"Any[""green mango"", ""onion"", ""gingerroot"", ""garlic clove"", ""brown sugar"", ""chilies"", ""salt"", ""vinegar"", ""currant"", ""raisin""]"
Scott's Belgian Waffles,"Any[""plain flour"", ""baking powder"", ""salt"", ""sugar"", ""egg"", ""butter"", ""buttermilk"", ""cold water""]"
Belgian Carrots,"Any[""carrot"", ""butter"", ""sugar"", ""salt pepper"", ""onion"", ""parsley""]"
Ground Beef Filling for Puff Pastry,"Any[""onion"", ""garlic clove"", ""butter"", ""beef"", ""parsley"", ""flour"", ""worcestershire sauce"", ""ketchup""]"
True Belgian Waffles,"Any[""flour"", ""sugar"", ""baking powder"", ""egg"", ""milk"", ""butter"", ""vanilla"", ""fruit""]"
Triple-Fruit Scones,"Any[""purpose flour"", ""wheat germ"", ""natural bran"", ""sugar"", ""baking powder"", ""baking soda"", ""salt"", ""margarine"", ""apricot"", ""cranberry"", ""buttermilk"", ""orange"", ""egg"", ""egg white"", ""cooking spray"", ""sugar""]"
Easy Bisqusteaz Belgian Waffles,"Any[""bisquick baking mix"", ""waffle batter"", ""milk"", ""oil"", ""egg"", ""lemon juice"", ""splenda sugar substitute""]"
Frieten (Belgian Fries),"Any[""potato"", ""oil""]"
Pumpkin Belgian Waffles With Cranberry Compote,"Any[""cake flour"", ""wheat flour"", ""wheat germ"", ""flax seed meal"", ""agave nectar"", ""baking powder"", ""pumpkin pie spice"", ""cinnamon"", ""salt"", ""milk"", ""pumpkin puree"", ""butter"", ""egg"", ""egg white"", ""pecan"", ""cranberry"", ""agave nectar"", ""orange juice"", ""orange zest"", ""cinnamon"", ""nutmeg"", ""vanilla extract""]"
Simple Farmstyle Belgian Endive With Bacon and Blue Cheese,"Any[""belgian endive"", ""nutmeg"", ""white pepper"", ""bacon"", ""balsamic vinegar"", ""olive oil"", ""blue cheese""]"
Belgian Endive With Roquefort Dressing,"Any[""dijon mustard"", ""raspberry vinegar"", ""walnut oil"", ""garlic clove"", ""salt"", ""pepper"", ""belgian endive"", ""walnut"", ""roquefort cheese""]"
Oatmeal Stout and Bacon Belgian Waffles,"Any[""oat flour"", ""baking powder"", ""salt"", ""orange peel"", ""egg"", ""oil"", ""stout beer"", ""vanilla extract"", ""bacon"", ""butter"", ""maple syrup"", ""sugar"", ""crisp bacon""]"
Flemish Beef Stew II,"Any[""beef"", ""water"", ""onion"", ""sugar"", ""garlic"", ""salt"", ""black pepper"", ""sage"", ""dark beer"", ""vinegar""]"
Sweet Apples in the Oven,"Any[""apple"", ""dark brown sugar"", ""butter"", ""cinnamon""]"
"Asparagus, Flemish Style","Any[""white asparagus"", ""butter"", ""hard egg"", ""lemon juice"", ""parsley"", ""salt black pepper"", ""nutmeg""]"
Easy Belgian Waffles,"Any[""bisquick"", ""egg"", ""milk"", ""oil"", ""oil""]"
"Belgian Endive, Blue Cheese and Pear Salad","Any[""pear"", ""lemon juice"", ""belgian endive"", ""blue cheese"", ""red wine vinegar salad dressing"", ""black pepper""]"
Grilled Belgian Endive,"Any[""olive oil"", ""belgian endive"", ""olive oil"", ""oregano"", ""balsamic vinegar"", ""salt black pepper""]"
Fried Fish Balls from Brussels,"Any[""fish"", ""floury potato"", ""garlic"", ""parsley"", ""chervil"", ""chive"", ""butter"", ""egg yolk"", ""plain flour"", ""olive oil"", ""beer"", ""egg white"", ""salt""]"
An Indoor Camembert Picnic Platter for Parties and Fêtes!,"Any[""camembert cheese"", ""garlic sausage"", ""radish"", ""tomato"", ""grape"", ""baguette"", ""butter"", ""chutney"", ""pickle""]"
Baked-Bean and Peanut Sandwiches,"Any[""vegetarian bean"", ""peanut"", ""celery"", ""onion"", ""ketchup"", ""salt"", ""toast""]"
"Belgian Endive With Roquefort, Walnuts and Cranberries","Any[""belgian endive"", ""cranberry"", ""california walnut"", ""roquefort cheese"", ""roquefort cheese"", ""roquefort cheese"", ""roquefort cheese"", ""mayonnaise"", ""buttermilk"", ""lime juice"", ""worcestershire sauce"", ""cayenne pepper"", ""red wine vinegar"", ""black pepper""]"
Belgian Endive Salad,"Any[""tart green apple"", ""belgian endive"", ""almond"", ""oil"", ""lemon juice"", ""garlic"", ""salt""]"
Drunken French Country Chicken Au Gratin,"Any[""chicken"", ""cognac"", ""white wine"", ""paprika"", ""creme fraiche"", ""cheddar cheese"", ""dijon mustard"", ""breadcrumb"", ""vegetable peanut oil"", ""caster sugar"", ""flour"", ""salt pepper""]"
Belgian Brownie Cocktail,"Any[""gin"", ""cognac"", ""chocolate liqueur"", ""heavy cream"", ""ice cube""]"
Ww Belgian Waffles,"Any[""yeast"", ""milk"", ""egg substitute"", ""vegetable oil"", ""sugar"", ""table salt"", ""purpose flour"", ""egg white"", ""strawberry"", ""sugar""]"
Abbey Cheese Croquettes With Pear Syrup (Belgium),"Any[""cheese"", ""egg"", ""flour"", ""breadcrumb"", ""sugar"", ""water"", ""lemon zest"", ""pear""]"
Classic Belgian Waffle,"Any[""purpose flour"", ""sugar"", ""salt"", ""active yeast"", ""butter"", ""milk"", ""vanilla extract"", ""egg""]"
Potato and Leek Pancake,"Any[""yukon gold potato"", ""butter"", ""leek"", ""salt black pepper"", ""olive oil"", ""nutmeg"", ""thyme"", ""purpose flour"", ""flat leaf parsley""]"
Waterzooi Au Poulet (Belgian Chicken Soup),"Any[""chicken quarter"", ""carrot"", ""leek"", ""celery rib"", ""onion"", ""parsley"", ""chicken broth"", ""salt pepper"", ""egg yolk""]"
"Green Beans, Potatoes and Bacon Salad from Liege","Any[""green bean"", ""potato"", ""streaky bacon"", ""butter"", ""parsley"", ""spring onion"", ""red wine vinegar""]"
Red Light Cocktail,"Any[""dutch gin"", ""orange liqueur"", ""lemon juice"", ""raspberry"", ""ice""]"
Tipsy Overnight Belgian Waffles,"Any[""purpose flour"", ""active yeast"", ""water"", ""beer"", ""sugar"", ""egg"", ""salt"", ""butter"", ""canola oil"", ""vanilla extract""]"
Raisin Breakfast Bread (Cramique),"Any[""purpose flour"", ""active yeast"", ""milk"", ""egg yolk"", ""butter"", ""sugar"", ""salt"", ""dark raisin""]"
Moule Frites (Mussels With Chips),"Any[""mussel"", ""spring onion"", ""shallot"", ""garlic clove"", ""red chile"", ""thyme"", ""flat leaf parsley"", ""olive oil"", ""white wine"", ""pernod"", ""creme fraiche"", ""potato"", ""herbes de provence"", ""rosemary"", ""oil""]"
Health Smart Belgian Waffles,"Any[""egg"", ""wheat flour"", ""white flour"", ""oatmeal"", ""baking powder"", ""salt"", ""brown sugar"", ""oil"", ""milk""]"
Ninoofse Vlaai,"Any[""milk"", ""mastellen"", ""peperkoek"", ""macaroon"", ""almond"", ""brown sugar"", ""sugar"", ""egg"", ""salt"", ""cinnamon"", ""vanilla"", ""saffron"", ""rum extract""]"
Peanut Stuffed Belgian Endive,"Any[""hoisin sauce"", ""creamy peanut butter"", ""water"", ""cider vinegar"", ""red pepper flake"", ""coleslaw mix"", ""peanut"", ""belgian endive""]"
Jan's Belgian Waffles,"Any[""egg"", ""vanilla"", ""flour"", ""salt"", ""milk"", ""butter"", ""sugar"", ""cinnamon"", ""lemon juice""]"
Belgian Endive Au Gratin,"Any[""vegetable oil"", ""endive"", ""green pepper"", ""red pepper"", ""purpose flour"", ""milk"", ""gruyere cheese"", ""parmesan cheese"", ""salt pepper"", ""ham"", ""parsley""]"
Brussels Beer Waffles,"Any[""purpose flour"", ""salt"", ""cooking oil"", ""beer"", ""egg"", ""lemon"", ""lemon juice"", ""vanilla extract""]"
Belgian Beef Stew With Beer,"Any[""stewing beef"", ""salt"", ""pepper"", ""oil"", ""onion"", ""garlic clove"", ""flour"", ""beef broth"", ""beer"", ""white wine vinegar"", ""thyme"", ""bay leaf""]"
"Belgian Endive, Orange and Date Salad","Any[""extra virgin olive oil"", ""rice vinegar"", ""orange juice"", ""honey"", ""rose water"", ""orange zest"", ""salt black pepper"", ""radish"", ""valencia orange"", ""belgian endive"", ""celery"", ""date"", ""pistachio"", ""mint leaf""]"
Chicory-Belgian Endive and Orange Salad With Ginger Dressing,"Any[""gingerroot"", ""garlic clove"", ""dijon mustard"", ""orange zest"", ""orange juice"", ""lemon juice"", ""clear honey"", ""peanut oil"", ""orange"", ""chicory lettuce"", ""lettuce"", ""watercress""]"
Moules Marinieres - Belgian Mussels,"Any[""mussel"", ""onion"", ""celery"", ""white wine"", ""pepper"", ""butter"", ""cream"", ""parsley""]"
Belgian Style Carrot Coins,"Any[""butter"", ""carrot"", ""water"", ""sugar"", ""salt"", ""pepper"", ""heavy whipping cream"", ""parsley"", ""nutmeg""]"
Asparagus in the Flemish Manner,"Any[""asparagus"", ""egg"", ""butter"", ""parsley"", ""pepper"", ""salt""]"
"Chic and Cheerful - Savoury French Olive, Cheese and Onion Cake","Any[""olive oil"", ""onion"", ""plain white flour"", ""baking powder"", ""salt"", ""egg"", ""milk"", ""gruyere"", ""green olive""]"
Belgian Molasses Bread,"Any[""butter"", ""molasses"", ""milk"", ""water"", ""active yeast"", ""purpose flour"", ""wheat flour"", ""salt""]"
Raspberry Beer & Champagne Cocktail,"Any[""raspberry beer"", ""champagne""]"
Belgian Buttermilk Almond Waffles With Cinnamon-Peach Compote,"Any[""peach"", ""golden brown sugar"", ""water"", ""cinnamon"", ""nutmeg"", ""flour"", ""almond flour"", ""sugar"", ""baking powder"", ""baking soda"", ""salt"", ""buttermilk"", ""butter"", ""egg"", ""almond extract"", ""vegetable oil"", ""almond"", ""cream"", ""almond extract""]"
Vegan Belgian Waffles,"Any[""purpose flour"", ""wheat flour"", ""sugar"", ""baking powder"", ""salt"", ""banana"", ""soymilk"", ""vegan margarine"", ""vanilla"", ""almond extract"", ""applesauce""]"
Flemish Carbonades,"Any[""butter"", ""beef"", ""salt"", ""pepper"", ""purpose flour"", ""onion"", ""ale"", ""sugar"", ""thyme"", ""bay leaf"", ""clove"", ""bread"", ""mustard""]"
Belgium Frites(French Fries),"Any[""potato"", ""salt"", ""oil""]"
Croque Madame,"Any[""bread"", ""ham"", ""swiss cheese"", ""egg"", ""butter""]"
Oven Baked Eggs,"Any[""butter"", ""egg"", ""cream"", ""chive"", ""ham"", ""parmesan cheese"", ""salt"", ""pepper""]"
Belgian Beef Stew,"Any[""butter"", ""bacon"", ""yellow onion"", ""dark brown sugar"", ""garlic clove"", ""purpose flour"", ""salt"", ""pepper"", ""steak"", ""olive oil"", ""dark beer""]"
Kale Soup With Orzo,"Any[""kale"", ""orzo pasta"", ""carrot"", ""onion"", ""celery"", ""rom tomato"", ""vegetable broth"", ""sugar"", ""thyme"", ""bay leaf"", ""basil"", ""white pepper"", ""ginger"", ""kosher salt"", ""olive oil""]"
Belgian Meatballs,"Any[""breadcrumb"", ""milk"", ""turkey"", ""pork"", ""egg"", ""shallot"", ""parsley"", ""salt"", ""pepper"", ""nutmeg"", ""flour"", ""butter"", ""canola oil"", ""onion"", ""belgian endive"", ""sugar"", ""flour"", ""beer"", ""pork broth"", ""parsley""]"
Belgian Shrimp Croquettes (Croquettes Aux Crevettes Grises),"Any[""shrimp"", ""butter"", ""onion"", ""milk"", ""milk"", ""bay leaf"", ""gelatin"", ""cold water"", ""purpose flour"", ""parmesan cheese"", ""egg yolk"", ""lemon juice"", ""salt black pepper"", ""nutmeg"", ""cayenne pepper"", ""egg white"", ""salt"", ""vegetable oil"", ""purpose flour"", ""breadcrumb"", ""vegetable oil"", ""boston lettuce leaf"", ""lemon wedge"", ""parsley""]"
Belgian Chicons Au Gratin (Endives Au Gratin),"Any[""endive"", ""ham"", ""butter"", ""flour"", ""milk"", ""swiss cheese"", ""salt"", ""pepper"", ""nutmeg""]"
Belgium Butter Crumbed Asparagus Eggs for Two,"Any[""fine french breadcrumb"", ""butter"", ""asparagus"", ""egg"", ""salt"", ""parsley"", ""chive"", ""lemon wedge"", ""black pepper""]"
Belgian Endive Croquettes,"Any[""belgian endive"", ""extra virgin olive oil"", ""onion"", ""salt black pepper"", ""morbier cheese"", ""ricotta cheese"", ""egg"", ""herb"", ""breadcrumb"", ""sandwich bread"", ""cornmeal"", ""parmigiano"", ""flour""]"
Belgian Fries (Pommes Frites),"Any[""vegetable oil"", ""potato"", ""salt""]"
"Bastille Burger - Bearnaise, Blue Cheese and Red Onion Burgers","Any[""beef"", ""blue cheese"", ""hamburger bun french bread"", ""bearnaise sauce"", ""dijon mustard"", ""red onion"", ""lettuce"", ""tomato"", ""cornichon"", ""pepper""]"
"Easy Cheese, Potato and Ham Soufflé","Any[""potato"", ""egg"", ""ham"", ""cheese"", ""butter"", ""salt black pepper"", ""single cream""]"
Classic Belgian Waffles,"Any[""active yeast"", ""water"", ""purpose flour"", ""salt"", ""milk"", ""butter"", ""egg"", ""vanilla extract""]"
Belgian Muffins,"Any[""shortening"", ""sugar"", ""egg"", ""flour"", ""baking powder"", ""nutmeg"", ""milk"", ""butter"", ""cinnamon""]"
Belgian Beef and Beer Stew,"Any[""bacon"", ""chuck roast"", ""onion"", ""cremini mushroom"", ""garlic clove"", ""purpose flour"", ""amber beer"", ""carrot"", ""parsnip"", ""beef broth"", ""dijon mustard"", ""salt"", ""thyme"", ""caraway seed"", ""black pepper"", ""bay leaf""]"
Vanilla Bean Belgian Waffles With Whipped Cream and Strawberries,"Any[""milk"", ""vanilla bean"", ""strawberry"", ""sugar"", ""egg"", ""butter"", ""purpose flour"", ""baking powder"", ""salt"", ""heavy cream"", ""sugar"", ""vanilla extract"", ""sugar""]"
Belgium Pancakes  A.k.a. Crepes,"Any[""egg"", ""milk"", ""water"", ""plain flour"", ""salt"", ""butter"", ""vanilla""]"
Belgian Beer Marinade,"Any[""beer"", ""honey mustard"", ""canola oil"", ""salt"", ""pepper"", ""onion"", ""bell pepper"", ""scallion"", ""garlic clove"", ""ginger"", ""pickling spice"", ""paprika"", ""caraway seed""]"
Belgian Safehouse Drunken Applesauce,"Any[""apple"", ""beer"", ""dark brown sugar"", ""cinnamon"", ""ginger"", ""clove""]"
Mussels in White Wine,"Any[""mussel"", ""olive oil"", ""onion"", ""garlic clove"", ""white wine"", ""lemon"", ""milk"", ""parsley""]"
Belgian Waffles Texas Style,"Any[""yeast"", ""milk"", ""egg"", ""vanilla"", ""flour"", ""salt"", ""sugar"", ""butter"", ""strawberry"", ""sugar""]"
Godiva Peppermint Patty,"Any[""cocoa"", ""rumple minze pepper mint liqueur"", ""godiva chocolate liqueur""]"
Mushroom-Flavored Forcemeat Stuffing,"Any[""porcini mushroom"", ""hot water"", ""white bread"", ""milk"", ""turkey liver spot"", ""cognac"", ""port wine"", ""butter"", ""onion"", ""white mushroom"", ""oyster mushroom"", ""shiitake mushroom"", ""veal"", ""pork butt"", ""egg yolk"", ""sage leaf"", ""parsley"", ""thyme"", ""salt"", ""black pepper"", ""nutmeg""]"
Brie and Leek Sandwiches,"Any[""bread"", ""olive oil"", ""garlic"", ""leek"", ""sugar"", ""salt"", ""black pepper"", ""cold water"", ""brie cheese""]"
Gourmet Belgian Hot Chocolate,"Any[""milk"", ""vanilla bean"", ""chocolate""]"
Witte Kool in Roomsaus (Shredded  Cabbage in Cream Sauce),"Any[""cabbage"", ""salt"", ""heavy whipping cream"", ""black pepper"", ""nutmeg"", ""butter"", ""red pepper flake"", ""bacon bit""]"
Kerrin's Belgian Tea Cake,"Any[""caster sugar"", ""self raising flour"", ""salt"", ""butter"", ""egg"", ""hot water"", ""walnut"", ""lemon juice zest"", ""water"", ""sugar"", ""custard powder"", ""fruit"", ""custard powder""]"
Belgian Raisin Bread (Rosynenbrood) for ABM,"Any[""active yeast"", ""bread flour"", ""milk"", ""salt"", ""sugar"", ""vegetable oil"", ""egg"", ""egg yolk"", ""water"", ""raisin""]"
Asperge Violette: Violet Asparagus With Hollandaise Sauce,"Any[""asparagus spear"", ""butter"", ""lemon wedge"", ""edible flower"", ""butter"", ""egg yolk"", ""hot water"", ""lemon juice"", ""salt pepper""]"
Low Fat Whole Wheat Crispy Belgian Waffles,"Any[""wheat flour"", ""splenda pack"", ""baking powder"", ""salt"", ""almond milk"", ""egg white"", ""applesauce"", ""vanilla extract"", ""pumpkin pie spice"", ""oatmeal"", ""wheat bran""]"
Liege  Salad,"Any[""potato"", ""green bean"", ""salt"", ""butter"", ""bacon"", ""red wine vinegar"", ""parsley"", ""spring onion""]"
Leeks in Cheese Sauce,"Any[""leek"", ""milk"", ""cheddar cheese"", ""flour"", ""butter"", ""bay leaf"", ""garlic powder"", ""salt"", ""mustard powder"", ""nutmeg""]"
Aalster Vlaai,"Any[""milk"", ""candico candy syrup"", ""mastellen"", ""egg"", ""cinnamon"", ""sugar cube"", ""foelie""]"
Real Belgian Stiff Dough Waffles-No Sugar Added,"Any[""flour"", ""baking powder"", ""splenda granular"", ""butter"", ""egg"", ""water"", ""salt""]"
Hutsepot Soep,"Any[""green cabbage"", ""carrot"", ""potato"", ""chicken stock"", ""pork"", ""salt"", ""pepper""]"
Cream of Belgian Endive Soup,"Any[""belgian endive"", ""white onion"", ""garlic clove"", ""butter"", ""potato"", ""chicken broth"", ""milk"", ""salt pepper"", ""chive"", ""dill sprig""]"
Flemish Fishermen's Salad,"Any[""white bean"", ""onion"", ""savory"", ""potato"", ""beet"", ""herring fillet"", ""mayonnaise"", ""shallot"", ""french mustard"", ""parsley"", ""gherkin""]"
Caper Vinaigrette,"Any[""dijon mustard"", ""salt"", ""pepper"", ""tarragon"", ""olive oil"", ""caper""]"
Herb Sausage filling,"Any[""pork"", ""onion"", ""garlic"", ""breadcrumb"", ""egg"", ""parsley"", ""thyme"", ""nutmeg"", ""black pepper"", ""clove""]"
Buttermilk Soup With Apples (Belgium),"Any[""purpose flour"", ""buttermilk"", ""granny smith apple"", ""sugar"", ""salt"", ""dark brown sugar""]"
Herb Garlic Bread - Belgian Style,"Any[""butter"", ""garlic"", ""parsley"", ""thyme"", ""salt black pepper"", ""french bread italian""]"
Brussels Sprouts in Beer (Belgium),"Any[""brussels sprout"", ""dark beer"", ""salt"", ""butter""]"
"Green Beans, Flemish Style","Any[""salt"", ""green bean"", ""butter"", ""shallot"", ""sugar"", ""chicken broth"", ""cornstarch"", ""apple cider vinegar"", ""pepper"", ""nutmeg"", ""parsley""]"
"Pork Chops, Brussels Style","Any[""pork loin chop"", ""salt"", ""pepper"", ""purpose flour"", ""butter"", ""vegetable oil"", ""onion"", ""thyme"", ""beer"", ""cornstarch"", ""water"", ""white wine vinegar"", ""parsley""]"
Gratin of Brussels Sprouts,"Any[""heavy cream"", ""brussels sprout"", ""salt"", ""slab bacon"", ""black pepper"", ""nutmeg"", ""gruyere cheese""]"
The Best Belgian Waffles,"Any[""flour"", ""baking powder"", ""salt"", ""sugar"", ""egg"", ""vegetable oil"", ""milk"", ""vanilla""]"
Belgian Cheese Croquettes,"Any[""milk"", ""egg"", ""cheese"", ""breadcrumb"", ""flour"", ""butter"", ""cumin powder"", ""nutmeg"", ""black pepper""]"
Frieten  (Belgian French Fries),"Any[""potato"", ""salt"", ""oil""]"
Belgian Hot Chocolate,"Any[""half"", ""chocolate"", ""milk chocolate"", ""salt"", ""cinnamon""]"
Belgian Meatloaf,"Any[""butter"", ""breadcrumb"", ""milk"", ""butter"", ""onion"", ""white mushroom"", ""garlic clove"", ""beef"", ""egg"", ""parsley"", ""sage"", ""oregano"", ""thyme"", ""salt"", ""pepper"", ""nutmeg"", ""port wine"", ""cognac"", ""rosemary""]"
Authentic Belgian Fries ( French Fries ),"Any[""hard vegetable"", ""floury potato"", ""salt""]"
Moules Frites - French-Belgian Bistro Style Mussels and Chips,"Any[""mussel"", ""onion"", ""shallot"", ""garlic clove"", ""thyme"", ""flat leaf parsley"", ""chervil"", ""olive oil"", ""white wine"", ""pernod"", ""creme fraiche"", ""potato"", ""salt"", ""oil""]"
Aardappel Taart - Belgian Potato Tart,"Any[""butter"", ""leek"", ""potato"", ""ham"", ""shortcrust pastry"", ""heavy cream"", ""nutmeg"", ""salt pepper""]"
Deep-Fried Potato Croquettes,"Any[""potato"", ""salt"", ""butter"", ""egg yolk"", ""purpose flour"", ""purpose flour"", ""white pepper"", ""nutmeg"", ""egg white"", ""fine breadcrumb"", ""vegetable oil""]"
Chervil Leek Soup,"Any[""butter"", ""onion"", ""leek"", ""chervil"", ""chicken bouillon cube"", ""bouquet garni"", ""water"", ""salt pepper""]"
Belgium Waterzooi Belgian (Gentse Waterzooi),"Any[""roasting chicken"", ""salt"", ""white pepper"", ""butter"", ""onion"", ""shallot"", ""leek"", ""celery rib"", ""carrot"", ""parsley root"", ""white wine"", ""chicken broth"", ""egg yolk"", ""heavy cream"", ""parsley leaf"", ""lemon"", ""chicken meat"", ""carrot"", ""celery rib"", ""onion"", ""leek"", ""black peppercorn"", ""bouquet garni"", ""white wine"", ""cold water"", ""salt black pepper""]"
Waterzooi van Vis - Flemish Fish Stew,"Any[""herring fillet"", ""celery leaf"", ""salt"", ""black pepper"", ""egg yolk"", ""whipping cream"", ""parsley""]"
Mussels Hoegaarden,"Any[""mussel"", ""onion"", ""parsley"", ""double cream"", ""wheat beer""]"
Belgian Endive with Egg Salad,"Any[""hard egg"", ""mayonnaise"", ""dijon mustard"", ""celery salt"", ""onion"", ""belgian endive"", ""bay shrimp"", ""paprika"", ""edible flower""]"
Stuffed Belgian Endive,"Any[""butter"", ""pear"", ""goat cheese"", ""cream cheese"", ""walnut half"", ""belgian endive""]"
Belgian Rabbit With Prunes in Wine Sauce,"Any[""rabbit"", ""prune"", ""water"", ""purpose flour"", ""butter"", ""oil"", ""onion"", ""salt"", ""pepper"", ""red wine"", ""orange peel"", ""red wine"", ""wine"", ""orange peel"", ""peppercorn"", ""juniper berry"", ""thyme"", ""clove"", ""bay leaf"", ""parsley"", ""onion""]"
Hutespot (Boiled Dinner),"Any[""pork loin"", ""leek"", ""celery"", ""onion"", ""salt"", ""pepper"", ""potato"", ""carrot"", ""turnip"", ""savoy cabbage"", ""water""]"
Stoofvlees (Belgian Beef Stew),"Any[""stewing beef"", ""beer"", ""peperkoek bread"", ""mustard"", ""brown sugar"", ""chocolate"", ""onion"", ""bay leaf"", ""margarine"", ""salt"", ""pepper""]"
Parsley Peppercorn Ground Beef Steaks,"Any[""beef"", ""salt"", ""garlic clove"", ""parsley"", ""black peppercorn"", ""salt"", ""beef broth"", ""heavy cream"", ""butter"", ""parsley""]"
White Asparagus,"Any[""asparagus"", ""butter"", ""egg"", ""cream"", ""prawn"", ""chive"", ""brioche bread""]"
chips or freedom fries cheats method,"Any[""potato"", ""peanut oil"", ""white pepper"", ""sea salt"", ""malt vinegar""]"
Gratin D'endives Ardennaise,"Any[""belgian endive"", ""sugar"", ""salt"", ""black pepper"", ""milk"", ""purpose flour"", ""butter"", ""nutmeg"", ""bacon"", ""gruyere cheese""]"
Belgian White Asparagus With Shrimp and Scrambled Eggs,"Any[""white asparagus"", ""shrimp"", ""butter"", ""salt"", ""pepper"", ""garlic"", ""egg"", ""parsley""]"
Ahoy There!  Moules Marinières - French Sailor's Mussels,"Any[""mussel"", ""garlic clove"", ""onion"", ""white wine"", ""butter"", ""herb"", ""creme fraiche"", ""salt pepper""]"
Petits Pois à La Française - French Style Peas,"Any[""butter"", ""spring onion"", ""iceberg lettuce"", ""caster sugar"", ""vegetable stock"", ""pea"", ""creme fraiche"", ""mint""]"
Garlic and Mustard Roasted Brussel Sprouts,"Any[""brussels sprout"", ""extra virgin olive oil"", ""agave nectar"", ""stone mustard"", ""garlic"", ""lemon""]"
Rabbit and Prune Stew,"Any[""prune"", ""flour"", ""rabbit"", ""butter"", ""oil"", ""bacon"", ""onion"", ""beer"", ""cider vinegar"", ""garlic clove"", ""thyme"", ""bay leaf"", ""clove""]"
Braised Belgian Endive,"Any[""belgian endive"", ""butter"", ""sugar"", ""lemon juice"", ""chicken broth"", ""herb"", ""parsley"", ""pepper""]"
Belgian Roast- (Crock Pot),"Any[""beef rump roast"", ""oil"", ""butter"", ""thyme"", ""salt"", ""onion"", ""garlic clove"", ""brown sugar"", ""parsley"", ""white vinegar"", ""bay leaf"", ""pepper"", ""beer"", ""cornstarch"", ""water""]"
Limbourgian Beer Stew,"Any[""beef steak"", ""onion"", ""peperkoek"", ""bread apple syrup"", ""butter"", ""flour"", ""salt pepper"", ""vinegar"", ""dark beer"", ""clove"", ""bay leaf"", ""peppercorn"", ""salt pepper""]"
Calf Liver and Oyster Mushroom Tart,"Any[""pastry"", ""butter"", ""calf liver"", ""oyster mushroom"", ""balsamic vinegar"", ""dijon mustard"", ""salt"", ""black pepper"", ""cream"", ""cornstarch"", ""egg""]"
Asparagus with Fish and Eau de Vie,"Any[""asparagus"", ""fish steak"", ""pepper"", ""salt"", ""mustard"", ""butter"", ""breadcrumb"", ""chive"", ""nutmeg"", ""fish stock"", ""eau de vie"", ""cayenne pepper"", ""saffron"", ""ham""]"
Flemish Beef Stew Cooked in Beer,"Any[""stew meat"", ""salt"", ""black pepper"", ""purpose flour"", ""butter"", ""onion"", ""beer"", ""thyme"", ""bay leaf"", ""red currant jelly"", ""cider""]"
Christmas Turkey Stuffed With Mushroom-Flavored Forcemeat,"Any[""turkey"", ""butter"", ""butter"", ""salt"", ""pepper"", ""paprika"", ""carrot"", ""celery rib"", ""onion"", ""water"", ""cognac"", ""port wine"", ""purpose flour"", ""butter""]"
Café Belgique,"Any[""egg white"", ""heavy cream"", ""vanilla extract"", ""coffee""]"
Flammekeuch,"Any[""bread dough"", ""olive oil"", ""bacon"", ""onion"", ""cream"", ""salt black pepper"", ""gruyere"", ""chive""]"
Belgian Waffle Strawberry Sundaes,"Any[""strawberry"", ""sugar"", ""belgian waffle"", ""strawberry ice cream""]"
"Belgian Endive, Mache, Apples With Sherry Vinaigrette","Any[""walnut half"", ""beet"", ""belgian endive"", ""watercress"", ""apple"", ""sea salt"", ""black pepper"", ""sherry wine vinegar"", ""extra virgin olive oil""]"
Baked Belgian Endive,"Any[""belgian endive"", ""butter"", ""sugar"", ""salt"", ""black pepper"", ""bacon"", ""white flour"", ""half"", ""parmesan cheese"", ""fine breadcrumb""]"
Roast Pork With Cheese and Cured Ham,"Any[""pork loin roast"", ""butter"", ""vegetable oil"", ""salt black pepper"", ""carrot"", ""onion"", ""thyme"", ""bay leaf"", ""water"", ""gruyere cheese"", ""ham"", ""port wine"", ""beef broth"", ""parsley""]"
Carbonade Flamande - Flemish Beef  and Beer Stew-Casserole,"Any[""beef"", ""bacon"", ""onion"", ""garlic clove"", ""bouquet garni"", ""belgian brown ale"", ""beef stock"", ""red wine vinegar"", ""butter"", ""olive oil"", ""french bread"", ""brown sugar"", ""dijon mustard"", ""salt"", ""pepper""]"
Moules Et Frites  (Mussels and Fries),"Any[""mussel"", ""butter"", ""onion"", ""white wine"", ""parsley"", ""mustard"", ""mayonnaise""]"
"Auberge Roast Chicken Rillettes With Armagnac, Thyme and Garlic","Any[""chicken"", ""thyme leave"", ""garlic clove"", ""shallot"", ""quatre epices rabelais seasoning"", ""mace"", ""black peppercorn"", ""white wine"", ""salt"", ""armagnac"", ""duck""]"
Fillet of Cod Flemish Style,"Any[""butter"", ""onion"", ""salt black pepper"", ""parsley"", ""chive"", ""cod fish fillet"", ""lemon"", ""bay leaf"", ""thyme"", ""white wine""]"
Classic Entrecote Bordelaise - Steak in Red Wine With Shallots,"Any[""entrecote steak"", ""butter"", ""shallot"", ""red wine"", ""demi glace"", ""parsley"", ""salt"", ""black pepper""]"
Beer-Infused Belgian Waffles,"Any[""flour"", ""brown sugar"", ""baking powder"", ""salt"", ""beer"", ""milk"", ""butter"", ""egg"", ""vanilla"", ""honey"", ""sugar""]"
Carbonnade of Beef,"Any[""beef steak"", ""bacon"", ""butter"", ""onion"", ""garlic clove"", ""flour"", ""black pepper"", ""beer"", ""beef broth"", ""kitchen bouquet"", ""thyme leaf"", ""brown sugar"", ""white vinegar"", ""bay leaf""]"
"Belgian Endive, Apple and Almond Salad","Any[""tart green apple"", ""belgian endive"", ""almond"", ""salad oil"", ""lemon juice"", ""garlic"", ""salt pepper""]"
Arugula Walnut Pate With Belgian Endive,"Any[""arugula leaf"", ""hard egg"", ""plain yogurt"", ""mayonnaise"", ""walnut"", ""dijon mustard"", ""garlic clove"", ""lemon pepper"", ""lemon juice"", ""scallion"", ""belgian endive""]"
Belgian Waffles,"Any[""flour"", ""milk"", ""milk"", ""yeast"", ""egg"", ""egg yolk"", ""salt"", ""vanilla extract"", ""butter"", ""sugar"", ""milk powder""]"
Honey Glazed Corned Beef,"Any[""beef brisket"", ""water"", ""pickling spice"", ""white onion"", ""carrot"", ""celery"", ""garlic clove"", ""honey"", ""brown sugar"", ""dijon mustard"", ""ginger""]"
Sacré Boeuf Sirloin Steak Topped With Mustard Herb Butter,"Any[""sirloin steak"", ""butter"", ""parsley"", ""chervil"", ""tarragon"", ""dijon mustard"", ""cayenne pepper""]"
Belgian Pork Chops,"Any[""pork chop"", ""salt pepper"", ""plain flour"", ""oil"", ""onion"", ""beer"", ""chicken stock"", ""brussels sprout"", ""butter"", ""cornflour""]"
Belgian Walnut Rice Loaf,"Any[""walnut"", ""rice"", ""parsley"", ""egg"", ""oil"", ""celery"", ""onion"", ""green pepper"", ""tomato"", ""bay leaf"", ""garlic clove"", ""thyme"", ""salt pepper"", ""cheese""]"
Flemish Carrots,"Any[""butter"", ""carrot"", ""water"", ""brown sugar"", ""salt"", ""mace"", ""cream"", ""lemon juice"", ""egg yolk""]"
Beef in Beer - 2-Qt Pressure Cooker,"Any[""beef steak"", ""dijon mustard"", ""salt black pepper"", ""paprika"", ""olive oil"", ""dark beer"", ""flour"", ""tomato paste"", ""beef broth"", ""onion"", ""carrot"", ""leek""]"
Belgian Hutsepot,"Any[""beef roast"", ""pork shoulder"", ""water"", ""bay leaf"", ""peppercorn"", ""salt"", ""new potato"", ""savoy cabbage"", ""turnip"", ""pea"", ""crouton"", ""chive"", ""dijon mustard"", ""horseradish""]"
Creamy Braised Chicory-Belgian Endive and Celery With Peas,"Any[""chicory lettuce"", ""celery"", ""pancetta"", ""chicken stock"", ""double cream"", ""pea"", ""salt"", ""pepper""]"
"Carbonades Flamandes (Belgian Recipe for Beef, Onions in Sauce)","Any[""beef"", ""butter"", ""onion"", ""flour"", ""brown sugar"", ""wine vinegar"", ""ale"", ""salt black pepper"", ""bouquet garni""]"
Chateaubriand 'My Way',"Any[""beef tenderloin"", ""salt"", ""pepper"", ""peanut oil"", ""heavy whipping cream"", ""green peppercorn"", ""lemon juice"", ""salt"", ""white pepper"", ""honey"", ""cognac""]"
Belgian Endive Salad With Walnut Vinaigrette,"Any[""belgian endive"", ""walnut"", ""italian parsley"", ""salt pepper"", ""blue cheese"", ""walnut oil"", ""red wine vinegar"", ""dijon mustard"", ""salt pepper""]"
Packs a Wallop Beef Stew!,"Any[""paprika"", ""salt"", ""garlic powder"", ""mustard"", ""onion powder"", ""oregano leaf"", ""caraway seed"", ""cayenne"", ""cumin"", ""black pepper"", ""white pepper"", ""butter"", ""beef chuck roast"", ""potato"", ""carrot"", ""green bell pepper"", ""beef stock""]"
Beer- and Onion-Braised Chicken Carbonnade,"Any[""butter"", ""chicken thigh"", ""allspice"", ""onion"", ""dark brown sugar"", ""bay leaf"", ""dijon mustard"", ""dark beer"", ""beef broth"", ""red wine vinegar"", ""egg noodle""]"
Escargot Vol-Au-Vent. Garlic Butter Snails in Mini Vol-Au-Vents,"Any[""garlic clove"", ""sea salt"", ""butter"", ""parsley"", ""chive"", ""shallot"", ""black pepper"", ""lemon juice"", ""pernod"", ""snail"", ""puff pastry"", ""puff pastry""]"
Gentse Waterzooi,"Any[""zucchini"", ""carrot"", ""mushroom"", ""celery"", ""leek"", ""onion"", ""potato"", ""chicken breast"", ""vegetable stock"", ""egg yolk"", ""cream"", ""parsley"", ""pepper"", ""salt"", ""margarine"", ""flour""]"
Smoked Salmon and Philadephia Sandwich,"Any[""salmon"", ""cream cheese"", ""green apple"", ""tomato"", ""brown bread""]"
Belgian Endive Salad,"Any[""belgian endive"", ""tomato"", ""onion"", ""jalapeno pepper"", ""cilantro"", ""lemon juice""]"
Belgian Hare a La Maryland,"Any[""rabbit"", ""salt pepper"", ""flour"", ""egg"", ""cracker crumb"", ""butter"", ""onion"", ""bay leaf""]"
Deer Stew With Mustard and Cashew Nuts,"Any[""deer"", ""baby onion"", ""carrot"", ""celery rib"", ""green cabbage"", ""red wine"", ""vegetable bouillon"", ""olive oil"", ""mustard"", ""cashew"", ""parsley""]"
Waterzooi of Chicken,"Any[""chicken"", ""salt pepper"", ""bay leaf"", ""parsley"", ""thyme"", ""butter"", ""onion"", ""chicken broth"", ""carrot"", ""leek"", ""celery rib"", ""baking potato"", ""heavy cream"", ""egg yolk"", ""parsley""]"
Traditional Style Swiss Steak,"Any[""steak"", ""yellow onion"", ""green pepper"", ""garlic powder"", ""tomato"", ""tomato sauce"", ""adolph meat tenderizer"", ""black pepper"", ""flour"", ""crisco"", ""butter"", ""salt"", ""water""]"
Chicken Waterzooi Stew,"Any[""celery"", ""carrot"", ""chicken breast half"", ""vegetable oil"", ""butter"", ""shallot"", ""mushroom"", ""leek"", ""garlic clove"", ""thyme"", ""peppercorn"", ""half"", ""salt pepper""]"
Belgian Meatballs Braised in Beer,"Any[""white breadcrumb"", ""milk"", ""beef"", ""pork"", ""egg"", ""shallot"", ""parsley"", ""salt pepper"", ""nutmeg"", ""flour"", ""butter"", ""vegetable oil"", ""onion"", ""belgian endive"", ""sugar"", ""salt pepper"", ""flour"", ""pilsner beer"", ""beef broth"", ""parsley""]"
Flemish-Style Pork Chops,"Any[""pork chop"", ""butter"", ""tart apple"", ""lemon juice"", ""juniper berry"", ""salt pepper"", ""rosemary sprig"", ""parsley"", ""butter""]"
Lobster Ganda,"Any[""lobster"", ""ham"", ""mushroom cap"", ""shallot"", ""brandy"", ""white wine"", ""port wine"", ""salt"", ""pepper"", ""egg yolk"", ""single cream""]"
Veggies Dream Cucumber Sandwich,"Any[""wheat bread rye"", ""cream cheese"", ""cucumber"", ""alfalfa sprout"", ""olive oil"", ""red wine vinegar"", ""tomato"", ""lettuce"", ""pepperoncini pepper"", ""avocado""]"
Scallops and Endive With Pasta,"Any[""shallot"", ""garlic"", ""olive oil"", ""cherry tomato"", ""belgian endive"", ""thyme"", ""oregano"", ""basil"", ""salt pepper"", ""sherry wine"", ""butter"", ""bay scallop"", ""basil sprig"", ""pasta""]"
Braised Belgian Endive and Chicken Cutlets - Clean Eating,"Any[""olive oil"", ""chicken breast"", ""pepper"", ""thyme"", ""belgian endive"", ""honey"", ""lemon juice"", ""chicken broth"", ""parsley""]"
Carbonnade (Beef and Onions Stewed in Beer),"Any[""onion"", ""oil corn"", ""beef"", ""salt black pepper"", ""garlic"", ""bay leaf"", ""thyme leaf"", ""oregano leaf"", ""beer"", ""dijon mustard"", ""parsley leaf""]"
Belgian Mussels,"Any[""mussel"", ""leek"", ""onion"", ""celery rib"", ""pepper"", ""salt"", ""butter""]"
Belgian Beef Skewers With Beer BBQ Sauce,"Any[""beef roast"", ""garlic"", ""onion"", ""dijon mustard"", ""ale"", ""ketchup"", ""brown sugar"", ""pepper sauce"", ""salt pepper""]"
Mussels With Curry Cream Sauce,"Any[""mussel"", ""white wine"", ""butter"", ""onion"", ""carrot"", ""sultana"", ""curry powder"", ""tomato puree"", ""apple"", ""double cream""]"
Alaskan Pollack with Broccoli in a Cream Sauce,"Any[""broccoli floret"", ""shrimp"", ""shallot"", ""parmesan cheese"", ""cream"", ""milk"", ""salt"", ""sugar"", ""dill""]"
Elderberry Soup,"Any[""elderberry"", ""water"", ""cinnamon"", ""lemon"", ""sugar"", ""salt"", ""pear"", ""cornstarch"", ""white wine"", ""cream""]"
Gigot a La Cuillère - French Slow Cooked Spoon Lamb,"Any[""leg lamb"", ""onion"", ""garlic clove"", ""carrot"", ""white wine"", ""stock"", ""armagnac"", ""salt pepper"", ""thyme""]"
Stoofvlees,"Any[""stewing beef"", ""pork stew meat"", ""onion"", ""dark beer"", ""wheat bread grain"", ""sugar"", ""butter"", ""hot mustard""]"
Omelet With Belgian Endives and Shrimps,"Any[""egg"", ""butter"", ""belgian endive"", ""shrimp"", ""chive"", ""pepper"", ""salt""]"
Salade Liégeoise,"Any[""french haricot vert green bean"", ""potato"", ""streaky bacon"", ""butter"", ""parsley"", ""scallion"", ""red wine vinegar""]"
Belgian Beef Stew,"Any[""bacon"", ""butter"", ""onion"", ""garlic"", ""beef chuck roast"", ""purpose flour"", ""salt"", ""black pepper"", ""beer"", ""lemon juice""]"
Traditional French Pistolets - Little Onion and Rye Bread Rolls,"Any[""water"", ""yeast"", ""olive oil"", ""salt"", ""sugar"", ""white bread flour"", ""rye flour"", ""onion"", ""water"", ""flour""]"
Belgian Meatballs,"Any[""beef"", ""onion"", ""green onion"", ""salt"", ""pepper"", ""garlic powder"", ""cornmeal"", ""chili powder"", ""mustard"", ""milk"", ""egg"", ""flour"", ""tomato""]"
"Pear, Roquefort and Rosemary French Galettes - Tartelettes","Any[""egg white"", ""roquefort cheese"", ""creme fraiche"", ""shortcrust pastry"", ""rosemary leaf"", ""butter"", ""pear"", ""cumin seed"", ""rosemary"", ""egg yolk milk"", ""salt"", ""pepper"", ""danish blue cheese""]"
Chicken with Belgian Endive (kip met witloof),"Any[""chicken"", ""belgian endive"", ""butter"", ""heavy cream"", ""lemon"", ""flour"", ""salt pepper""]"
Belgian Stew,"Any[""beef stew meat"", ""oil"", ""onion"", ""carrot"", ""celery"", ""garlic"", ""beer"", ""marjoram"", ""brown sugar"", ""celery seed"", ""bay leaf"", ""salt pepper""]"
Grilled Ham & Chimay Cheese Sammies W-Caramelized Endive,"Any[""canola oil"", ""belgian endive"", ""sugar"", ""beer"", ""orange juice"", ""bread"", ""butter"", ""ham"", ""cheese"", ""pickle spear"", ""brown mustard""]"
Flemish Carbonnade,"Any[""beef steak"", ""bay leaf"", ""onion"", ""stoofvlees seasoning"", ""dark beer"", ""mustard"", ""brown sugar"", ""butter"", ""olive oil"", ""black pepper""]"
Stewed Veal in a Cream and Lemon Sauce,"Any[""veal"", ""anchovy"", ""thyme"", ""chicken broth"", ""salt pepper"", ""butter"", ""plain flour"", ""heavy cream"", ""nutmeg"", ""lemon"", ""lemon""]"
Flemish Beef Stew,"Any[""salt pork"", ""bay leaf"", ""beef chuck"", ""thyme"", ""onion"", ""dijon mustard"", ""flour"", ""french bread"", ""vinegar"", ""stout beer"", ""parsley sprig"", ""brown sugar""]"
Stuffed chicken for 6,"Any[""chicken"", ""turkey"", ""potato"", ""onion"", ""bread"", ""white mushroom"", ""thyme"", ""salt pepper"", ""olive oil""]"
Maïté's Leftover Chicken Salad,"Any[""chicken"", ""peach"", ""egg"", ""mayonnaise""]"
Rich Man's Hamburgers,"Any[""shallot"", ""chive"", ""dijon mustard"", ""tabasco sauce"", ""egg yolk"", ""worcestershire sauce"", ""cognac"", ""sea salt"", ""caper"", ""black peppercorn"", ""kaiser bun"", ""butter"", ""ketchup"", ""cider vinegar"", ""dark brown sugar"", ""garlic clove"", ""worcestershire sauce"", ""tabasco sauce""]"
Sauteed Shrimp and Arborio Risotto  Stella Artois Asparagus Tips,"Any[""risotto rice"", ""shallot"", ""red bell pepper"", ""green asparagus"", ""vegetable stock"", ""olive oil"", ""wine"", ""beer"", ""olive oil"", ""parmesan cheese"", ""salt"", ""pepper""]"
Stoemp Aux Poireaux-Stoemp Met Prei - Belgian Mashed Potatoes,"Any[""potato"", ""butter"", ""cream"", ""onion"", ""garlic clove"", ""leek"", ""stock"", ""salt pepper"", ""nutmeg""]"
Quatre Épices - French Four Spice Mix  from the Auberge,"Any[""white peppercorn"", ""nutmeg"", ""clove"", ""cinnamon"", ""ginger"", ""allspice berry""]"
Smoked Salmon Stuffed Belgian Endive Boats,"Any[""salmon"", ""mayonnaise"", ""parmesan cheese"", ""green onion"", ""lemon juice"", ""dill"", ""olive oil"", ""salt pepper"", ""belgian endive""]"
Tofu Beer Stew,"Any[""tofu"", ""onion"", ""beer"", ""vegetable broth"", ""dijon mustard"", ""brown sugar"", ""poppy seed"", ""herb"", ""vegan worcestershire sauce"", ""salt pepper"", ""cornstarch""]"
Quorn Stoverij (Belgian Beer Sauce Stew),"Any[""quorn"", ""carrot"", ""onion"", ""olive oil"", ""dark beer"", ""rosemary"", ""thyme"", ""parsley"", ""salt"", ""vegetable stock"", ""cremini mushroom"", ""jam""]"
Whitloaf,"Any[""belgian endive"", ""ham"", ""swiss cheese"", ""olive oil"", ""milk"", ""milk"", ""chicken bouillon cube"", ""swiss cheese"", ""cornstarch""]"
Cream of Endive Soup,"Any[""belgian endive"", ""white onion"", ""garlic"", ""butter"", ""potato"", ""chicken broth"", ""milk"", ""salt pepper"", ""chive"", ""dill sprig""]"
Belgium Chicken Waterzooi,"Any[""chicken"", ""carrot"", ""celery rib"", ""shallot"", ""parsley"", ""thyme"", ""bay leaf"", ""salt black pepper"", ""leek"", ""mushroom"", ""egg yolk"", ""cream"", ""lemon"", ""butter"", ""nutmeg""]"
Poulet à La Bière -  Chicken in Beer,"Any[""plain flour"", ""salt black pepper"", ""chicken quarter"", ""onion"", ""carrot"", ""celery rib"", ""butter"", ""olive oil"", ""ale"", ""garlic clove"", ""bouquet garni"", ""heavy cream""]"
Paupiettes De Porc - French Stuffed Pork Fillet Parcels,"Any[""pork escalopes"", ""salt"", ""pepper"", ""pork sausage"", ""onion"", ""herb"", ""olive oil"", ""shallot"", ""plain flour"", ""sun tomato paste"", ""white wine"", ""mushroom"", ""orange zest"", ""bay leaf"", ""parsley"", ""thyme"", ""sage leaf"", ""kitchen string""]"
Belgian Beef Carbonnade,"Any[""flour"", ""salt"", ""pepper"", ""paprika"", ""beef cube"", ""butter"", ""onion"", ""garlic clove"", ""bay leaf"", ""thyme"", ""celery leaf"", ""parsley"", ""brown sugar"", ""beer"", ""vinegar""]"
Baked Apples Filled With Berries,"Any[""cranberry"", ""sugar"", ""apple"", ""butter"", ""water""]"
Belgian Endive With Lovage Vinaigrette,"Any[""sherry wine vinegar"", ""shallot"", ""dijon mustard"", ""water"", ""extra virgin olive oil"", ""lovage"", ""belgian endive"", ""green"", ""carrot""]"
"Salad Frisee with Endive, Canadian Bacon, & Croutons","Any[""belgian endive"", ""chicory lettuce"", ""walnut oil"", ""red wine vinegar"", ""salt pepper"", ""canadian bacon"", ""french bread""]"
Belgian Leek Tart & Aged Goat Cheese (Flamiche Aux Poireaux),"Any[""ice water"", ""apple cider vinegar"", ""purpose flour"", ""salt"", ""butter"", ""butter"", ""milk"", ""heavy whipping cream"", ""egg"", ""egg yolk"", ""salt"", ""goat cheese"", ""leek"", ""butter"", ""leek"", ""water"", ""salt""]"
Flemish Beef & Beer Stew,"Any[""stewing beef"", ""onion"", ""flour"", ""sunflower oil"", ""garlic clove"", ""salt"", ""brown sugar"", ""wine vinegar"", ""parsley"", ""thyme"", ""pepper"", ""beef broth"", ""beer""]"
Stoemp With Caramelized Shallots,"Any[""floury potato"", ""milk"", ""salt"", ""butter"", ""double cream"", ""salt pepper"", ""nutmeg"", ""shallot"", ""parsley""]"
Flemish Beef Sirloin in Beer Sauce With Savory Vegetables,"Any[""sirloin tip roast"", ""salt pepper"", ""vegetable oil"", ""onion"", ""garlic clove"", ""carrot"", ""clove"", ""orange zest"", ""brandy"", ""dark beer"", ""peppercorn"", ""bay leaf"", ""thyme"", ""porcini mushroom"", ""red wine vinegar"", ""cornstarch"", ""brown sugar"", ""fennel"", ""new potato""]"
